Validity,1.0
Uniqueness,0.9936666666666667
Diversity,0.9413333333333334
Novelty,0.9393333333333334
